entity_name,entity_type,mentions,source_count,lng,lat,town,match_source,match_id
西樵山,地名,700,46,112.972653,22.90873,西樵镇,poi_contain,B0IBO9P320
佛山,地名,475,40,113.009071,23.087814,狮山镇,poi_contain,B0HGSH3UCJ
云泉仙馆,建筑遗迹,398,46,113.03713,22.887626,丹灶镇,poi_exact,B0H3J54DS3
祖庙,建筑遗迹,336,14,113.141256,23.030077,桂城街道,poi_contain,B0FFILJ0SJ
佛山祖庙,建筑遗迹,245,13,113.127735,23.046699,桂城街道,poi_contain,B0FFMCGHJP
南海县,地名,186,41,113.100939,23.134657,狮山镇,poi_contain,B02F50WG6V
九江,地名,159,35,113.01534,22.835259,九江镇,poi_contain,B0I6ZHKEGN
南海,地名,159,34,113.137374,23.033677,桂城街道,poi_contain,B0J3Z9Z8PG
九江镇,地名,121,29,113.007293,22.906373,九江镇,poi_contain,B0GUML80X9
西樵,地名,106,29,112.972653,22.90873,西樵镇,poi_contain,B0IBO9P320
石门中学,地名,103,11,113.184287,23.121699,大沥镇,poi_exact,B02F50UERZ
广州,地名,88,35,113.190809,23.144144,里水镇,poi_contain,B0H0UUMVA7
简村,地名,84,15,112.950197,22.94808,西樵镇,poi_contain,B0FFKZZLC2
康有为故居,建筑遗迹,70,16,112.905461,23.021024,丹灶镇,anchor_exact,ANC_0057
白云洞,地名,66,9,112.959086,22.937046,西樵镇,poi_contain,B0FFHHHE8Y
大沥,地名,56,22,113.144948,23.114362,大沥镇,poi_contain,B0KKS7457V
盐步,地名,50,16,113.168268,23.092854,大沥镇,poi_contain,B0FFL0FJW7
官山,地名,48,14,113.003022,22.952411,西樵镇,poi_exact,
南海中学,建筑遗迹,47,18,112.999948,22.942728,西樵镇,poi_exact,B02F508QXL
松塘村,地名,45,13,112.911801,22.986783,西樵镇,anchor_contain,ANC_0102
罗村,地名,44,14,113.042488,23.049031,狮山镇,poi_contain,B0FFKK8HV1
里水,地名,44,16,113.147625,23.170075,里水镇,poi_contain,B0L0H1SAMG
三湖书院,建筑遗迹,43,12,112.959813,22.935621,西樵镇,poi_exact,B0FFFWF6T4
官窑,地名,42,16,113.092972,23.200746,狮山镇,poi_contain,B0KBX7L8SD
平洲,地名,41,14,113.177132,23.035727,桂城街道,poi_contain,B0FFMG6YQA
香港,地名,40,19,113.147736,23.181393,里水镇,poi_contain,B0G39NK9C4
丹灶,地名,39,17,112.942281,23.063219,丹灶镇,poi_contain,B0G3Z7ST2S
祠堂,建筑遗迹,37,14,113.002178,23.152173,狮山镇,poi_contain,B0GUCH8DND
西江,地名,35,21,113.21653,23.031684,桂城街道,poi_contain,B0FFKCKTRX
西樵镇,地名,35,11,112.99,22.94,西樵镇,anchor_exact,ANC_0136
民乐,地名,34,7,112.95316,22.962793,西樵镇,poi_contain,
官山圩,地名,34,5,112.975635,22.941597,,anchor_exact,ANC_0159
佛山市,地名,33,13,113.009071,23.087814,狮山镇,poi_contain,B0HGSH3UCJ
北帝庙,建筑遗迹,29,7,112.944171,23.030381,丹灶镇,poi_exact,B0FFME2KQ5
顺德,地名,29,14,113.153123,23.066107,桂城街道,poi_contain,B0HR0GRI5A
里水镇,地名,29,12,113.140705,23.176076,里水镇,poi_contain,B0HKZSRCKT
桂城,地名,29,6,113.236033,23.017917,桂城街道,poi_contain,B0H0RLBAVT
南庄,地名,28,7,113.101194,23.133192,大沥镇,poi_contain,B02F503RDN
松岗,地名,28,12,113.099147,23.135518,大沥镇,poi_contain,B0FFFDSWCS
小塘,地名,27,10,112.996401,23.037992,狮山镇,poi_contain,B0FFK7JRA1
黄飞鸿狮艺武术馆,建筑遗迹,26,4,112.945135,22.923938,西樵镇,poi_exact,B02F501SVF
沙头,地名,25,14,113.007293,22.906373,九江镇,poi_contain,B0GUML80X9
珠江三角洲,地名,24,14,113.193456,23.098816,里水镇,poi_contain,B0FFG48NRZ
和顺,地名,24,9,113.13986,23.248708,里水镇,poi_contain,B0FFKCKKR4
桂园文化宫,建筑遗迹,24,1,113.138512,23.046642,桂城街道,poi_contain,B02F507391
丹灶镇,地名,24,9,112.92497,23.061415,丹灶镇,poi_contain,B0H067GUG4
南海市,地名,23,7,113.072143,23.130649,大沥镇,poi_contain,B0FFM3V93I
大沥镇,地名,20,8,113.103797,23.115744,大沥镇,poi_contain,B0FFJRS0UB
显纲村,地名,19,6,113.095223,23.137433,狮山镇,poi_contain,B0HG2U0CJU
千灯湖,地名,18,11,113.142081,23.053483,桂城街道,poi_exact,B02F506TYO
北江,地名,18,9,112.988214,23.069751,狮山镇,poi_contain,
观音庙,建筑遗迹,18,8,113.191867,23.026327,桂城街道,poi_exact,B0FFHRPUYH
三门,建筑遗迹,17,4,113.149308,23.038698,桂城街道,poi_contain,B0FFHH8HW0
大岗圩,地名,17,5,112.921201,22.974416,,anchor_exact,ANC_0156
华光庙,建筑遗迹,16,9,113.167321,23.088397,里水镇,poi_exact,B0FFKF1MUV
白云古寺,建筑遗迹,16,7,112.964364,22.933846,nan,anchor_exact,ANC_0015
狮山镇,地名,16,4,113.069862,23.230078,狮山镇,poi_contain,B0FFK4D8L2
三水,地名,15,10,113.186882,23.116799,里水镇,poi_contain,B0FFJNAOHK
番禺,地名,15,10,112.993356,23.123918,狮山镇,poi_contain,B0FFI7RHCH
佛山书院,建筑遗迹,15,4,113.10216,23.18814,大沥镇,poi_contain,B0FFIZSDND
黄岐,地名,15,5,113.187966,23.109414,大沥镇,poi_contain,B0K0P5W2TW
西樵中学,建筑遗迹,15,7,112.960811,22.928671,西樵镇,poi_exact,B02F5076UQ
宝峰寺,建筑遗迹,15,7,112.972008,22.932742,西樵镇,poi_exact,B02F50YSSQ
上海,地名,14,10,113.133475,23.045073,桂城街道,poi_contain,B0FFHTZW94
岭南,地名,14,12,112.978809,22.95143,西樵镇,poi_contain,B0FFFFAZ2Z
天后庙,建筑遗迹,14,6,112.901992,23.020149,丹灶镇,poi_exact,B0FFM1XT3R
三山,建筑遗迹,14,9,113.214355,23.031302,桂城街道,poi_contain,B0H6TH6APH
康有为纪念馆,建筑遗迹,14,4,112.899125,23.023608,丹灶镇,poi_exact,B02F5076Y0
大科峰,建筑遗迹,14,6,112.977414,22.92249,nan,anchor_contain,ANC_0050
大科书院,建筑遗迹,14,4,112.973616,22.922499,西樵镇,poi_exact,B0FFHHD2NL
土地庙,建筑遗迹,13,4,113.108277,23.175545,大沥镇,poi_contain,B0FFG061WV
太平,地名,13,6,113.097632,23.107608,大沥镇,poi_contain,B0FFMDHTLJ
泌冲,地名,13,7,113.173893,23.154579,里水镇,poi_contain,B0FFGYZL0U
大同,地名,13,8,112.899757,23.023353,丹灶镇,poi_exact,B02F5076XX
西樵山旅游度假区,地名,13,1,112.98877,22.943175,西樵镇,poi_exact,
白云山,地名,13,12,113.133662,23.042981,桂城街道,poi_contain,B0FFKSK1HJ
珠江,地名,12,9,113.072817,23.232562,狮山镇,poi_contain,B0HG2UZPYO
桂林,地名,12,10,113.198743,23.14082,大沥镇,poi_contain,B0G0HHIASV
绮亭陈公祠,建筑遗迹,12,5,112.948347,22.948052,西樵镇,poi_exact,B0FFJ3QM9H
广东,地名,12,7,113.071842,23.225701,大沥镇,poi_contain,B0FFIL8GGN
九江中学,建筑遗迹,12,7,113.020957,22.836677,九江镇,poi_contain,B02F500E9F
天湖,地名,12,4,112.963881,22.93208,西樵镇,poi_exact,B0FFG2522Z
钟鼓楼,建筑遗迹,11,5,113.102568,23.188504,大沥镇,poi_contain,B0FFF9RBQK
高明,地名,11,9,112.915462,22.881923,西樵镇,poi_contain,B0FFLJETF1
云门,建筑遗迹,11,5,112.959727,22.935155,西樵镇,poi_contain,B0FFG1YR9U
香港西医书院,建筑遗迹,11,3,113.10216,23.18814,大沥镇,poi_contain,B0FFIZSDND
沙头镇,地名,11,3,113.018135,22.919126,九江镇,poi_contain,B02F503U2C
狮山,地名,11,6,113.009071,23.087814,狮山镇,poi_contain,B0HGSH3UCJ
显岗,地名,11,3,112.989005,22.8971,丹灶镇,poi_contain,B0FFGH1VIK
官山涌,地名,11,6,112.906157,23.064392,丹灶镇,poi_contain,B0FFH2EBWQ
云瀛书院,建筑遗迹,11,6,113.10216,23.18814,大沥镇,poi_contain,B0FFIZSDND
显岗村,地名,11,2,112.989005,22.8971,丹灶镇,poi_contain,B0FFGH1VIK
民乐圩,地名,11,3,112.95,22.96,西樵镇,anchor_contain,ANC_0123
文武庙,建筑遗迹,11,4,112.93146,22.990501,丹灶镇,poi_exact,B02F508MWM
奎光楼,建筑遗迹,11,4,112.95914,22.936815,西樵镇,poi_exact,B0FFFWIXC8
玄武,建筑遗迹,10,4,113.202008,23.090113,大沥镇,poi_contain,B0FFHTZ1CY
南海博物馆,建筑遗迹,10,5,112.977738,22.907559,西樵镇,poi_exact,B0FFF3NK66
羊城书院,建筑遗迹,10,6,113.10216,23.18814,大沥镇,poi_contain,B0FFIZSDND
太平圩,地名,10,3,112.905097,22.929496,,anchor_exact,ANC_0158
禄舟村,地名,10,7,112.943595,22.92498,西樵镇,poi_contain,B0H3GL6G2O
石门,地名,10,7,113.183359,23.11955,大沥镇,poi_contain,B02F5060JL
西城,地名,10,3,113.114788,23.21332,里水镇,poi_contain,B0FFI1Q8KL
西湖书院,建筑遗迹,9,2,113.10216,23.18814,大沥镇,poi_contain,B0FFIZSDND
白沙,地名,9,5,113.012141,23.083237,狮山镇,poi_contain,B0IDZZ4DPV
观音堂,建筑遗迹,9,5,113.039085,22.827966,丹灶镇,poi_exact,B02F507CAF
龙母庙,建筑遗迹,9,6,112.990348,22.823562,丹灶镇,poi_exact,B0K229G3RK
和顺镇,地名,9,5,113.137629,23.251478,里水镇,poi_contain,B0FFJMK9RP
西樵山天湖公园,地名,9,3,112.96723,22.929192,西樵镇,poi_contain,B0FFHJ45NL
何氏宗祠,建筑遗迹,9,2,112.961625,22.967047,西樵镇,poi_exact,B02F507C73
大岸村,地名,9,3,112.960651,22.982709,丹灶镇,poi_contain,B0FFIZ7G39
炮楼,建筑遗迹,9,2,113.163138,23.076836,大沥镇,poi_contain,B0GU9XUUR4
云谷书院,建筑遗迹,9,4,112.975282,22.922947,西樵镇,poi_exact,B0FFHHJXUH
银坑村,地名,9,1,112.883841,22.858808,西樵镇,poi_contain,B0FFGA58BQ
村头村,地名,9,1,112.920356,22.962487,丹灶镇,poi_contain,B02F507C71
澹如楼,建筑遗迹,9,3,112.899119,23.023151,丹灶镇,poi_exact,B0FFGA9S7L
朱九江先生纪念堂,建筑遗迹,9,4,113.026758,22.842008,九江镇,poi_exact,
云溪书院,建筑遗迹,8,4,113.10216,23.18814,大沥镇,poi_contain,B0FFIZSDND
新村,地名,8,5,113.199209,23.189779,里水镇,poi_contain,B0GK193NYE
牌坊,建筑遗迹,8,5,113.158145,23.143885,里水镇,poi_contain,B0HRAAKNVS
梁氏宗祠,建筑遗迹,8,3,113.125926,23.13648,里水镇,poi_exact,B0LKXPI5QF
越华书院,建筑遗迹,8,6,113.10216,23.18814,大沥镇,poi_contain,B0FFIZSDND
洪圣庙,建筑遗迹,8,5,112.924235,22.862752,西樵镇,poi_contain,BV10514280
陈氏宗祠,建筑遗迹,8,4,113.146747,23.131128,里水镇,poi_exact,B0FFH4AQI7
图书馆,建筑遗迹,8,5,113.033048,23.161598,狮山镇,poi_contain,B02F50XHJX
陈启沅纪念馆,建筑遗迹,8,2,112.95341,22.945087,西樵镇,poi_exact,B02F507C78
南海影剧院,建筑遗迹,8,1,113.147596,23.027407,桂城街道,poi_exact,B02F501Y45
李氏宗祠,建筑遗迹,8,3,112.99534,23.19254,狮山镇,poi_exact,B0FFFA08UD
大镇,地名,8,4,113.121211,23.082048,大沥镇,poi_contain,B0H6R58TX6
石燕岩,建筑遗迹,8,3,112.97889,22.920693,西樵镇,poi_contain,B0FFG250M9
官山城区,地名,8,2,112.980609,22.947739,丹灶镇,poi_contain,BV11597839
石泉书院,建筑遗迹,8,4,112.987483,22.937557,西樵镇,poi_exact,
孔村,地名,8,2,113.002868,23.153579,里水镇,poi_contain,B0LG0R5OL6
烟桥村,地名,8,1,112.955287,22.872286,西樵镇,poi_contain,B0FFGQ9BPO
叠滘,地名,8,5,113.125916,23.065559,桂城街道,poi_contain,B0GRMH0UW7
南海石门中学,建筑遗迹,8,3,113.184287,23.121699,大沥镇,poi_contain,B02F50UERZ
文昌书院,建筑遗迹,7,3,113.10216,23.18814,大沥镇,poi_contain,B0FFIZSDND
田心书院,建筑遗迹,7,2,113.10216,23.18814,大沥镇,poi_contain,B0FFIZSDND
中山,地名,7,6,113.187845,23.117582,里水镇,poi_contain,B0H6LUEPBW
奇石村,地名,7,6,112.984842,23.061732,狮山镇,poi_contain,B0MBK5Q7UA
古井,建筑遗迹,7,3,112.960295,22.93561,西樵镇,poi_contain,B0FFFWJJN0
西樵大桥,建筑遗迹,7,5,112.994613,22.940893,西樵镇,poi_exact,B0FFLGYJDJ
官窑镇,地名,7,4,113.084643,23.205664,狮山镇,poi_contain,B0FFL06F43
西岸,地名,7,2,112.894457,22.865178,西樵镇,poi_contain,B0FFM59QCR
官山镇,地名,7,3,113.003022,22.952411,西樵镇,poi_contain,
大同圩,地名,7,1,112.899757,23.023353,丹灶镇,poi_contain,B02F5076XX
杏头村,地名,7,2,112.968715,22.945305,西樵镇,poi_contain,
百西村,地名,7,3,112.927552,22.967856,村头村,anchor_contain,ANC_0139
四峰书院,建筑遗迹,7,4,112.968784,22.92097,西樵镇,poi_exact,B0FFHHDG9Q
广雅书院,建筑遗迹,7,3,113.10216,23.18814,大沥镇,poi_contain,B0FFIZSDND
无叶井,建筑遗迹,7,5,112.987418,22.934116,西樵镇,poi_contain,
树本善堂,建筑遗迹,7,4,112.977066,23.176689,狮山镇,poi_exact,B0FFL8BSG0
紫洞,地名,7,2,112.996401,23.037992,狮山镇,poi_contain,B0FFK7JRA1
铁村,地名,7,4,113.110371,23.102309,大沥镇,poi_contain,B0FFHRRPJH
西湖,地名,6,6,113.203132,23.040691,桂城街道,poi_contain,B0HA2BNPNE
烟桥,地名,6,3,112.955287,22.872286,西樵镇,poi_contain,B0FFGQ9BPO
龙江,地名,6,5,112.994034,23.124316,狮山镇,poi_contain,B0FFMEKKWV
祖堂,建筑遗迹,6,4,112.972193,22.93857,西樵镇,poi_contain,
李氏大宗祠,建筑遗迹,6,4,113.015703,23.041153,丹灶镇,poi_exact,B0LG0R6HAB
南京,地名,6,5,113.196609,23.145771,大沥镇,poi_contain,B0GUUA16BM
南海九江,地名,6,4,113.01534,22.835259,九江镇,poi_contain,B0I6ZHKEGN
南海区,地名,6,5,112.920141,23.108405,狮山镇,poi_contain,B0H6OHR7P9
天后宫,建筑遗迹,6,3,112.938167,22.981387,丹灶镇,poi_exact,B0H62CZH3V
广州市,地名,6,6,113.184911,23.115703,里水镇,poi_contain,B0FFHHGWHM
平沙,地名,6,3,112.899381,22.920226,西樵镇,poi_contain,B0FFKCML3A
金沙,地名,6,2,113.200164,23.142893,里水镇,poi_contain,B0LR5SA82L
字祖庙,建筑遗迹,6,3,112.971053,22.93949,西樵镇,poi_exact,
云谷,建筑遗迹,6,2,112.975282,22.922947,西樵镇,poi_contain,B0FFHHJXUH
天湖公园,建筑遗迹,6,4,112.96723,22.929192,西樵镇,poi_exact,B0FFHJ45NL
南社,地名,6,3,112.994642,22.973328,丹灶镇,poi_contain,
文澜书院,建筑遗迹,6,2,113.10216,23.18814,大沥镇,poi_contain,B0FFIZSDND
丹桂园,建筑遗迹,6,2,112.973418,22.928939,西樵镇,poi_exact,B0FFGRN2RQ
小云亭,建筑遗迹,6,3,112.961,22.935799,西樵镇,poi_exact,B0FFG27VR2
宗祠,建筑遗迹,6,3,113.172828,23.132034,大沥镇,poi_contain,B0FFJDKGH8
罗行,地名,6,4,112.946444,23.031646,丹灶镇,poi_contain,B0FFLFETDO
江头村,地名,6,1,113.139519,23.062611,桂城街道,poi_contain,
白沙小学,建筑遗迹,6,4,113.204258,23.130828,大沥镇,poi_exact,B02F505YGU
棋盘村,地名,6,1,112.904097,23.12378,狮山镇,poi_contain,B0LGZLWDSR
白沙乡,地名,6,3,113.204028,23.132712,里水镇,poi_contain,B0FFL0EOCI
南海馆,建筑遗迹,6,3,113.188317,23.116418,大沥镇,poi_contain,B0FFL4CJE2
山西,地名,6,3,113.011561,22.914119,西樵镇,poi_contain,B0FFKUMGM2
石门中学校,建筑遗迹,6,1,113.184287,23.121699,大沥镇,poi_contain,B02F50UERZ
康公庙,建筑遗迹,5,3,113.090138,23.059543,大沥镇,poi_exact,B02F50774O
大同堡,地名,5,3,112.899757,23.023353,丹灶镇,poi_contain,B02F5076XX
沙水村,地名,5,2,112.935246,23.046177,丹灶镇,poi_contain,B0FFKCIQYL
华山,地名,5,3,113.154985,23.011101,桂城街道,poi_contain,B0FFH1ZQ3D
粤秀书院,建筑遗迹,5,3,113.10216,23.18814,大沥镇,poi_contain,B0FFIZSDND
龙山,地名,5,4,113.114213,23.282853,大沥镇,poi_contain,B0FFFEOV26
大范,地名,5,5,113.109659,23.123456,大沥镇,poi_contain,BZ7QP500UA
桂平,地名,5,3,113.153616,23.036893,里水镇,poi_contain,B0FFJDL7PW
青龙,建筑遗迹,5,3,113.172034,23.087485,里水镇,poi_contain,B0FFL2Q5WA
北京,地名,5,5,113.152825,23.066166,桂城街道,poi_contain,B0HUACC2F9
石围塘,地名,5,5,113.191922,23.099975,里水镇,poi_contain,B0FFFRRRRD
文化公园,地名,5,4,113.084298,23.176201,狮山镇,poi_contain,B0I64U4IMH
石碑,建筑遗迹,5,4,113.130342,23.291148,里水镇,poi_contain,B0H3TZE94Y
王借岗,地名,5,2,113.03342,23.036455,丹灶镇,poi_contain,B0FFHVWJKI
门楼,建筑遗迹,5,2,113.110998,23.188781,大沥镇,poi_contain,B0FFIZPNMB
青岛,地名,5,3,113.162478,23.180192,里水镇,poi_contain,B0FFG48L7W
南海图书馆,建筑遗迹,5,1,113.235613,22.992987,桂城街道,poi_contain,B0M61LKE5K
罗村镇,地名,5,1,113.018821,23.071186,狮山镇,poi_contain,B0GR4RHI1B
民乐市,地名,5,2,112.953955,22.959112,,anchor_exact,ANC_0157
南海观音文化苑,建筑遗迹,5,3,112.971937,22.932516,西樵镇,poi_contain,B0FFG27VUO
大同乡,地名,5,1,112.899757,23.023353,丹灶镇,poi_contain,B02F5076XX
吉水,地名,5,4,112.96847,22.942825,nan,anchor_contain,ANC_0046
爱国村,地名,5,1,112.968638,22.945047,西樵镇,poi_contain,
朝山村,地名,5,1,112.984562,22.888471,丹灶镇,poi_contain,
霍氏宗祠,建筑遗迹,5,3,112.930983,22.991846,丹灶镇,poi_exact,B0LAP7F790
庆云洞,建筑遗迹,5,2,112.872731,22.857182,西樵镇,poi_exact,B02F5076NF
白云洞景区,地名,5,1,112.959086,22.937046,西樵镇,poi_contain,B0FFHHHE8Y
天镇峰,建筑遗迹,5,4,112.969782,22.942663,西樵镇,poi_contain,B0FFFDR6OB
碧玉洞,建筑遗迹,5,2,112.979454,22.938499,西樵镇,poi_exact,B0FFF365DR
石牌坊,建筑遗迹,5,5,112.998467,22.840789,丹灶镇,poi_contain,B0FFJ9RMZG
南海丹灶,地名,5,5,112.915232,23.042368,丹灶镇,poi_contain,B0FFHYF3AU
白云,地名,5,4,112.959222,22.936722,西樵镇,poi_contain,B0FFG27CU6
樵山,地名,5,4,112.972653,22.90873,西樵镇,poi_contain,B0IBO9P320
良登村,地名,5,2,112.909619,23.022209,丹灶镇,poi_contain,B0FFFSY1XG
雄星村,地名,5,1,113.014632,23.045182,丹灶镇,poi_contain,B0FFGFUXBN
肇庆,地名,5,4,112.998552,23.085099,狮山镇,poi_contain,B02F5045O3
叠滘小学,建筑遗迹,5,1,113.131147,23.056113,桂城街道,poi_contain,B0FFID63L8
钟边,地名,5,4,113.107355,23.095389,大沥镇,poi_contain,B0FFI94UQI
名宦祠,建筑遗迹,4,2,113.129477,23.101116,里水镇,poi_contain,B0FFFCQEPL
沙涌,地名,4,2,113.161138,23.145905,里水镇,poi_contain,B0FFH4AO8W
水月宫,建筑遗迹,4,3,113.169373,23.113815,里水镇,poi_exact,B0FFL92KWP
涌口,地名,4,4,113.178515,23.050269,桂城街道,poi_contain,B0FFGQAKTO
探花桥,建筑遗迹,4,2,113.0,22.85,nan,anchor_exact,ANC_0074
三元桥,建筑遗迹,4,4,113.017604,22.829592,nan,anchor_exact,ANC_0076
文昌,地名,4,2,113.160295,23.09981,里水镇,poi_contain,B0FFI5IXXC
西樵山三湖书院,建筑遗迹,4,3,113.10216,23.18814,大沥镇,poi_contain,B0FFIZSDND
应潮湖,建筑遗迹,4,3,112.959823,22.934857,西樵镇,poi_exact,B0FFIJLEF8
湖南,地名,4,3,113.071842,23.225701,大沥镇,poi_contain,B0FFIL8GGN
清远,地名,4,3,113.235068,23.032715,桂城街道,poi_contain,B0FFH43NIO
丹桂,地名,4,3,113.144291,23.040598,桂城街道,poi_contain,
南园,建筑遗迹,4,3,113.142098,23.03776,桂城街道,poi_exact,B0FFH2DI8F
南村,地名,4,3,113.092972,23.200746,狮山镇,poi_contain,B0KBX7L8SD
南海神庙,建筑遗迹,4,4,113.080252,23.180045,狮山镇,poi_exact,B0FFH42HYC
西南,地名,4,4,113.102695,23.080318,大沥镇,poi_contain,B0HK6M2APN
中山大学,地名,4,3,112.959437,22.935742,西樵镇,poi_contain,B0FFG2BDTF
宝莲寺,建筑遗迹,4,3,112.963174,22.911141,西樵镇,poi_exact,B02F507708
沙口,地名,4,4,113.03098,22.815342,九江镇,poi_contain,B0FFFENUBA
桥头,地名,4,2,113.158265,23.113942,里水镇,poi_exact,B02F507U1P
林岳,地名,4,3,113.225444,22.998698,桂城街道,poi_contain,B0FFIDUXHC
佛山涌,地名,4,2,113.13775,23.026981,桂城街道,poi_exact,B0FFKGOVJF
万安桥,建筑遗迹,4,2,113.017712,22.919406,丹灶镇,poi_contain,BV10251646
黄氏大宗祠,建筑遗迹,4,2,113.021404,23.062956,狮山镇,poi_exact,B0FFG3QKJB
大雄宝殿,建筑遗迹,4,4,113.168936,22.998059,桂城街道,poi_exact,B0FFGA0GMH
中共南海县委旧址,建筑遗迹,4,2,113.100939,23.134657,狮山镇,poi_exact,B02F50WG6V
黄少强故居,建筑遗迹,4,1,113.090524,23.219449,大沥镇,poi_exact,B0FFKBOBLV
雅瑶,地名,4,4,113.135,23.135058,里水镇,poi_contain,B0FFHVGUSO
兴贤,地名,4,4,113.072143,23.130649,大沥镇,poi_contain,B0FFM3V93I
横江,地名,4,4,113.169632,23.111535,大沥镇,poi_contain,B0IRZD4JGC
南海大沥,地名,4,4,113.103797,23.115744,大沥镇,poi_contain,B0FFJRS0UB
西岸村,地名,4,1,112.974952,23.018,丹灶镇,poi_contain,B02F50ZN41
官山市,地名,4,1,113.003022,22.952411,西樵镇,poi_contain,
岭西村,地名,4,1,112.945098,22.929248,西樵镇,poi_contain,B0H2HRJDON
朝山,地名,4,1,112.976092,22.887074,西樵镇,poi_contain,BV10255183
沙涌村,地名,4,1,112.959613,22.947063,西樵镇,poi_contain,B0IB3S8BNI
九江烟南村,地名,4,1,112.964397,22.875803,九江镇,poi_contain,
先锋庙,建筑遗迹,4,3,112.973089,22.842647,西樵镇,poi_exact,B0HA6HAYXO
牌楼村,地名,4,2,112.981097,22.886898,西樵镇,poi_contain,B0FFH2SMRG
河清,地名,4,4,112.950837,22.858347,九江镇,poi_contain,
百东,地名,4,2,112.92533,22.967241,丹灶镇,poi_contain,B0IDGUU8OF
大岗,地名,4,2,113.009919,23.083222,狮山镇,poi_contain,B02F508G1Z
松塘,地名,4,3,112.907173,22.992616,nan,anchor_contain,ANC_0022
林村,地名,4,3,113.161515,23.19654,里水镇,poi_contain,B0FFLC3BRE
帝亲殿,建筑遗迹,4,3,112.960867,22.935939,西樵镇,poi_exact,B0FFHHCWAZ
东海,地名,4,4,112.920141,23.108405,狮山镇,poi_contain,B0H6OHR7P9
麻奢,地名,4,4,113.115287,23.214767,里水镇,poi_contain,B02F50ZFH7
罗行圩,地名,4,1,112.952101,23.029292,,anchor_exact,ANC_0153
和顺村,地名,4,2,113.131789,23.25719,里水镇,poi_contain,B0FFL3EYTG
南国桃园,地名,4,2,113.103899,23.183076,大沥镇,poi_exact,B0FFG4B8C9
汤村,地名,4,2,113.122051,23.289778,里水镇,poi_contain,B0FFGGY4NQ
榕树,建筑遗迹,4,1,113.148751,23.039619,桂城街道,poi_contain,B0GK6NP7CV
杜氏大宗祠,建筑遗迹,4,3,113.202257,23.133661,大沥镇,poi_exact,B02F50UEO4
潘氏大宗祠,建筑遗迹,4,1,112.915313,22.965419,西樵镇,poi_exact,B02F507C71
怀集,地名,4,3,112.998552,23.085099,狮山镇,poi_contain,B02F5045O3
北海,建筑遗迹,4,4,112.947093,22.973105,西樵镇,poi_contain,B0FFMCELKP
大榄,地名,4,4,113.02664,23.193956,狮山镇,poi_contain,B0HG2UZA6Z
蛇龙北天主堂,建筑遗迹,4,1,113.018708,22.824724,丹灶镇,poi_contain,B0FFK48YQW
博物馆,建筑遗迹,4,1,113.154747,23.070851,桂城街道,poi_contain,B0H1K51FNE
北村,地名,4,1,113.04237,23.0569,狮山镇,poi_contain,B0FFIVGHCN
虎门,地名,3,3,113.237383,23.036828,桂城街道,poi_contain,B0FFKBRQHQ
高桥,建筑遗迹,3,2,113.170944,23.046977,桂城街道,poi_exact,B02F50XMGB
大宗祠,建筑遗迹,3,3,113.172828,23.132034,大沥镇,poi_contain,B0FFJDKGH8
福德祠,建筑遗迹,3,3,113.139763,23.232225,里水镇,poi_exact,B0FFH47A6W
金山,地名,3,2,113.097409,23.249307,大沥镇,poi_contain,B0FFKCKFN3
祖祠,建筑遗迹,3,3,113.129999,23.113255,里水镇,poi_contain,B0FFH4942R
罗浮,地名,3,3,113.183454,23.108146,大沥镇,poi_contain,B0FFFVEG1W
花园,建筑遗迹,3,2,113.148149,23.037692,桂城街道,poi_contain,B0H3THEBO7
石头,地名,3,3,112.984446,23.206096,狮山镇,poi_contain,B02F50V7IM
观音铜像,建筑遗迹,3,3,112.931581,23.051209,狮山镇,poi_contain,B0FFKCIJJP
八角亭,建筑遗迹,3,2,113.17601,23.109877,大沥镇,poi_exact,B0FFL72ZEO
福建,地名,3,2,112.984316,23.175809,狮山镇,poi_contain,B0FFGWPQOP
石龙,地名,3,2,113.180088,23.034503,桂城街道,poi_contain,B0G12AJ1F9
互勉亭,建筑遗迹,3,2,113.238379,23.034562,桂城街道,poi_exact,B0FFL2WR8Y
大基尾,地名,3,2,113.153613,23.088132,大沥镇,poi_contain,B02F507B1N
太史第,建筑遗迹,3,2,112.93488,23.047074,丹灶镇,poi_exact,B0HRV7T4XT
广东南海,地名,3,3,112.961858,23.070851,狮山镇,poi_contain,B0KAZ7IXF0
南水村,地名,3,1,112.955985,22.870267,西樵镇,poi_contain,B0LGHCO34S
小江村,地名,3,3,113.086302,23.220141,大沥镇,poi_contain,B0FFIK1L8C
七星岩水月宫,建筑遗迹,3,3,113.169373,23.113815,里水镇,poi_contain,B0FFL92KWP
升平,地名,3,2,112.981367,23.090541,狮山镇,poi_contain,B0FFHWXKYR
工人文化宫,建筑遗迹,3,2,113.01039,23.117597,狮山镇,poi_contain,B0L23G4700
莲塘,地名,3,3,113.0906,23.189723,大沥镇,poi_contain,B02F50XHHC
季华,地名,3,2,113.148272,23.014375,桂城街道,poi_contain,B0K33Z1N95
生祠,建筑遗迹,3,2,113.178515,23.050269,桂城街道,poi_contain,B0FFGQAKTO
文化馆,建筑遗迹,3,2,112.95552,23.066059,狮山镇,poi_contain,B0FFIKOMBO
港澳,地名,3,3,113.150881,23.053239,桂城街道,poi_contain,B0FFHGL3XH
西樵山云泉仙馆,建筑遗迹,3,2,112.972113,22.939326,西樵镇,poi_exact,
罗村一中,地名,3,1,113.082695,23.061334,大沥镇,poi_exact,B02F5076B2
中共南三花工委旧址,建筑遗迹,3,1,113.141342,23.191706,里水镇,poi_exact,B0FFJ5JXOQ
文明村,地名,3,2,113.156461,23.12208,里水镇,poi_contain,B0FFGGS6H6
南海九江中学,建筑遗迹,3,3,113.020957,22.836677,九江镇,poi_exact,B02F500E9F
南海文化馆,建筑遗迹,3,1,113.141115,23.024813,桂城街道,poi_exact,B02F501IFU
河西,地名,3,3,113.163138,23.076836,大沥镇,poi_contain,B0GU9XUUR4
七星,地名,3,1,112.987725,22.891075,西樵镇,poi_contain,B0L37KKTHT
山根,地名,3,1,112.992948,22.933831,丹灶镇,poi_contain,B0HKY7XU3Y
南海书院,建筑遗迹,3,3,113.10216,23.18814,大沥镇,poi_contain,B0FFIZSDND
官山区,地名,3,2,113.003022,22.952411,西樵镇,poi_contain,
西樵山天湖,地名,3,2,112.97,22.93,西樵镇,anchor_exact,ANC_0124
云海莲台景区,建筑遗迹,3,1,112.969013,22.932146,西樵镇,poi_contain,B0FFGRN2RR
大同村,地名,3,1,112.899757,23.023353,丹灶镇,poi_contain,B02F5076XX
儒溪村,地名,3,1,112.953897,22.900263,西樵镇,poi_contain,B0LBS5UDJF
谭氏宗祠,建筑遗迹,3,1,113.15614,23.236106,里水镇,poi_exact,B0FFH4AE58
陆氏宗祠,建筑遗迹,3,2,112.939885,23.110232,狮山镇,poi_exact,B0FFK8EFMU
百东村,地名,3,1,112.92533,22.967241,丹灶镇,poi_contain,B0IDGUU8OF
潘氏宗祠,建筑遗迹,3,1,113.17906,23.080363,里水镇,poi_exact,B0FFFZ1P4M
樵丹路,地名,3,1,112.955082,22.951949,西樵镇,poi_contain,B0FFFAA5MS
凤山,地名,3,2,113.082716,23.232721,狮山镇,poi_contain,B0L67S1IK4
戴氏大宗祠,建筑遗迹,3,2,112.986359,22.891454,西樵镇,poi_exact,B0FFHKW8UF
云端村,地名,3,3,112.963727,22.929616,西樵镇,poi_contain,B0FFG39YLZ
大岸,地名,3,1,112.974069,22.987882,丹灶镇,poi_contain,
新田,地名,3,1,112.927313,22.885486,西樵镇,poi_contain,B0FFJQX278
吉水窦,建筑遗迹,3,2,112.96847,22.942825,nan,anchor_exact,ANC_0046
大岸圩,地名,3,1,112.966017,22.985038,,anchor_exact,ANC_0154
枫林白塔,建筑遗迹,3,3,112.958687,22.936283,西樵镇,poi_exact,B0FFHHJ5YR
玉池,建筑遗迹,3,2,112.968793,22.920113,西樵镇,poi_exact,B0FFFWJTPT
兴贤书院,建筑遗迹,3,1,113.10216,23.18814,大沥镇,poi_contain,B0FFIZSDND
会龙湖,地名,3,2,112.959232,22.936248,西樵镇,poi_exact,B0FFG23A2H
文昌庙,建筑遗迹,3,2,112.907281,22.953334,西樵镇,poi_exact,B0KUBLPGAD
飞流千尺,建筑遗迹,3,3,112.971259,22.937579,西樵镇,poi_exact,
伯奇公园,地名,3,1,113.188089,23.142504,大沥镇,poi_exact,B02F507H5G
遇仙桥,建筑遗迹,3,3,112.961218,22.935844,西樵镇,poi_exact,B0FFG26ZL6
瑞塔,建筑遗迹,3,3,113.182558,23.036301,桂城街道,poi_contain,B0FFJ82H3K
抱龙桥,建筑遗迹,3,3,112.896947,23.001197,丹灶镇,poi_contain,B0FFGGUVNZ
南海观音寺,建筑遗迹,3,3,113.108714,23.175651,大沥镇,poi_exact,B0FFG0YUHE
白衣观音庙,建筑遗迹,3,3,113.191867,23.026327,桂城街道,poi_contain,B0FFHRPUYH
四川,地名,3,2,113.149273,23.039141,桂城街道,poi_contain,B0FFJK5Y39
大谷,地名,3,3,113.032377,22.829994,丹灶镇,poi_contain,B0FFGGGS6G
盐步华光庙,建筑遗迹,3,2,113.167321,23.088397,里水镇,poi_contain,B0FFKF1MUV
仙湖,地名,3,3,112.890483,23.052763,狮山镇,poi_contain,B0FFJ8L54R
海港,地名,3,3,113.173849,23.029969,桂城街道,poi_contain,
桂城街道,地名,3,3,113.17698,23.002205,桂城街道,poi_contain,
佛山南海区,地名,3,3,113.039966,23.062335,狮山镇,poi_contain,B0HRR5U8U2
丰岗,地名,3,3,113.173709,23.191665,里水镇,poi_contain,B0FFIDQTSO
叶氏宗祠,建筑遗迹,3,1,113.015862,23.039626,丹灶镇,poi_exact,B0LDBOEMZ1
林氏大宗祠,建筑遗迹,3,1,113.197454,23.039498,桂城街道,poi_exact,B0FFGXPYGM
姚氏宗祠,建筑遗迹,3,2,113.139702,23.245616,里水镇,poi_exact,B0FFL1AE05
武馆,建筑遗迹,3,3,113.129977,23.117915,大沥镇,poi_contain,B0FFFSQEM9
越南,地名,3,3,113.149015,23.038673,桂城街道,poi_contain,B0G3JK0ZJC
古村,地名,3,1,113.155552,23.177707,里水镇,poi_contain,B0FFMA6TBC
南乔公祠,建筑遗迹,3,1,112.890704,23.075464,丹灶镇,poi_exact,B0H6NUELUV
陈氏大宗祠,建筑遗迹,3,1,113.196227,23.190165,里水镇,poi_exact,B0FFH3XXY4
大桐,地名,3,2,113.001148,22.882035,丹灶镇,poi_contain,BV10551568
塘头,地名,3,2,113.013614,23.103695,狮山镇,poi_contain,B0FFF9UMVQ
西樵官山,地名,3,3,112.981622,22.947637,西樵镇,poi_contain,B0FFKJY45E
杭州,地名,3,2,113.102708,23.188752,大沥镇,poi_contain,B0HBF9YGLN
广西,地名,3,2,113.147405,23.169988,里水镇,poi_contain,B0LG7AVMDB
加拿大,地名,3,1,112.979656,22.95057,西樵镇,poi_contain,B0FFGHBCF6
邱氏书院,建筑遗迹,3,2,113.10216,23.18814,大沥镇,poi_contain,B0FFIZSDND
三江,地名,3,3,113.174695,23.248154,里水镇,poi_contain,B0FFMD65ID
大圃,地名,3,3,113.072528,23.131867,大沥镇,poi_contain,B0FFI47ACY
邯郸别邸,建筑遗迹,3,2,112.960483,22.93567,西樵镇,poi_exact,B0FFG25MJH
青龙桥车站,建筑遗迹,3,2,113.11965,23.067022,大沥镇,poi_contain,B0FFGQ6YRI
大同堡绿涌村,地名,3,1,112.899757,23.023353,丹灶镇,poi_contain,B02F5076XX
枕流亭,建筑遗迹,3,1,112.959751,22.934972,西樵镇,poi_exact,B0FFG1YQ5C
仙馆,建筑遗迹,3,1,112.96052,22.935791,西樵镇,poi_contain,B0HR4SYSLR
象岗岭,地名,3,1,113.005763,22.829408,丹灶镇,poi_contain,B0FFHJ46AE
应元书院,建筑遗迹,2,2,113.10216,23.18814,大沥镇,poi_contain,B0FFIZSDND
西山,地名,2,2,113.003027,22.839448,九江镇,poi_contain,
奇山,地名,2,2,113.017648,22.839732,丹灶镇,poi_contain,B0FFFI7TRK
南方,地名,2,2,113.184848,23.115906,里水镇,poi_contain,B0FFFE7F9U
黄竹岐,地名,2,2,113.190937,23.119147,里水镇,poi_contain,B0FFG59X1M
柳州,地名,2,1,113.163742,23.024598,桂城街道,poi_contain,B0FFLPNTOJ
永安,地名,2,2,113.193705,23.025651,桂城街道,poi_contain,B0H01LRHPR
蔚文书院,建筑遗迹,2,1,113.10216,23.18814,大沥镇,poi_contain,B0FFIZSDND
龙津堡,地名,2,2,113.129834,23.103087,里水镇,poi_contain,B0FFGBESH8
西海,地名,2,2,113.102382,23.122155,大沥镇,poi_contain,B02F50WJ0V
桃源,地名,2,2,113.065351,23.159897,大沥镇,poi_contain,B0G04X8WY2
西村,地名,2,2,112.945098,22.929248,西樵镇,poi_contain,B0H2HRJDON
香亭,建筑遗迹,2,1,113.182861,23.045303,桂城街道,poi_contain,B0FFI1HNYY
真武大铜像,建筑遗迹,2,1,112.931581,23.051209,狮山镇,poi_contain,B0FFKCIJJP
北帝武神铜像,建筑遗迹,2,1,112.931581,23.051209,狮山镇,poi_contain,B0FFKCIJJP
天主堂,建筑遗迹,2,2,113.018708,22.824724,丹灶镇,poi_exact,B0FFK48YQW
会馆,建筑遗迹,2,2,113.142573,23.031358,桂城街道,poi_contain,B0G2ZRHHSR
清溪,地名,2,2,113.180233,23.050085,桂城街道,poi_contain,B0FFK7LWZL
陈村,地名,2,2,113.205968,23.010599,桂城街道,poi_contain,B0FFKKEQYX
何公祠,建筑遗迹,2,2,112.956161,23.177054,狮山镇,poi_contain,B0FFJNAPC6
何氏大宗祠,建筑遗迹,2,2,113.028958,23.190678,狮山镇,poi_exact,B0FFH3ZEI7
吴氏大宗祠,建筑遗迹,2,1,113.07571,23.126967,大沥镇,poi_exact,B0LG0R5O0I
西樵大同绿涌村,地名,2,2,112.899757,23.023353,丹灶镇,poi_contain,B02F5076XX
圣保罗书院,建筑遗迹,2,1,113.10216,23.18814,大沥镇,poi_contain,B0FFIZSDND
学堂,建筑遗迹,2,2,113.159494,23.035931,桂城街道,poi_contain,B0FFHONU21
黄君壁纪念馆,建筑遗迹,2,2,112.946325,22.924316,西樵镇,poi_exact,B02F5076FC
苏州,地名,2,2,113.101745,23.188491,大沥镇,poi_contain,B0FFGX6OOH
南浦,地名,2,2,113.05352,23.232225,狮山镇,poi_contain,B02F507O3B
北帝大铜像,建筑遗迹,2,2,112.931581,23.051209,狮山镇,poi_contain,B0FFKCIJJP
西南涌,地名,2,2,112.96999,23.21289,狮山镇,poi_contain,B0FFFAQ1PE
栅下天后庙,建筑遗迹,2,2,112.901992,23.020149,丹灶镇,poi_contain,B0FFM1XT3R
永安路,地名,2,2,113.193705,23.025651,桂城街道,poi_contain,B0H01LRHPR
南国,建筑遗迹,2,2,113.103946,23.179584,大沥镇,poi_contain,B0FFF9YW23
凉亭,建筑遗迹,2,1,113.172648,23.067412,桂城街道,poi_contain,B0HDHDDKWW
何氏世祠,建筑遗迹,2,1,112.973323,22.988431,丹灶镇,poi_exact,
台湾,地名,2,2,112.983899,23.175839,狮山镇,poi_contain,B0FFMHXEME
西樵简村,地名,2,2,112.950197,22.94808,西樵镇,poi_contain,B0FFKZZLC2
冯氏宗祠,建筑遗迹,2,2,113.172623,23.193748,里水镇,poi_exact,B0FFK7NCY6
西医书院,建筑遗迹,2,2,113.10216,23.18814,大沥镇,poi_contain,B0FFIZSDND
珠海,地名,2,2,113.150812,23.052088,桂城街道,poi_contain,B02F511W5J
钟楼,建筑遗迹,2,2,113.103936,23.179578,大沥镇,poi_contain,B0FFG05G5W
鼓楼,建筑遗迹,2,2,113.102568,23.188504,大沥镇,poi_contain,B0FFF9RBQK
一洞天,建筑遗迹,2,2,112.959579,22.9364,西樵镇,poi_contain,B0FFG2E57P
广州越秀古书院,建筑遗迹,2,2,113.10216,23.18814,大沥镇,poi_contain,B0FFIZSDND
韩山书院,建筑遗迹,2,2,113.10216,23.18814,大沥镇,poi_contain,B0FFIZSDND
革命烈士纪念碑,建筑遗迹,2,2,113.129563,23.117522,大沥镇,poi_contain,
罗村二中,地名,2,1,113.040682,23.054786,狮山镇,poi_exact,B02F5076B3
南海体育馆,建筑遗迹,2,1,113.141117,23.047486,桂城街道,poi_exact,B02F5076GC
北涌亭,建筑遗迹,2,1,113.161251,23.197642,里水镇,poi_exact,B0FFFPQ5JD
盐步区,地名,2,1,113.168268,23.092854,大沥镇,poi_contain,B0FFHW900T
大沥区,地名,2,1,113.072143,23.130649,大沥镇,poi_contain,B0FFM3V93I
三湖,地名,2,2,112.959813,22.935621,西樵镇,poi_contain,B0FFFWF6T4
天子帽,建筑遗迹,2,1,113.006144,23.073959,狮山镇,poi_contain,
凤鸣,地名,2,1,113.233591,23.011635,桂城街道,poi_contain,B0G21Y6RR2
曹边,地名,2,2,113.094145,23.08803,大沥镇,poi_contain,B0FFF0F6ZI
文化室,建筑遗迹,2,2,113.171544,23.07626,大沥镇,poi_exact,B0FFL1TUOE
官山小学,地名,2,2,113.003022,22.952411,西樵镇,poi_contain,
小塘中学,地名,2,1,112.987125,23.091677,狮山镇,poi_exact,B02F501F15
将军庙,建筑遗迹,2,2,113.143289,23.007354,桂城街道,poi_contain,B0IARZYSYY
破排角遗址,建筑遗迹,2,1,113.037232,22.814643,nan,anchor_exact,ANC_0077
平西,地名,2,2,113.183608,23.023773,桂城街道,poi_contain,B0FFHQ9JKR
乐安,地名,2,2,113.096356,23.060575,大沥镇,poi_contain,B0FFHL7FCL
联安,地名,2,2,113.167227,23.096652,大沥镇,poi_contain,B0HAMR1FF2
南海桂城,地名,2,2,113.236033,23.017917,桂城街道,poi_contain,B0H0RLBAVT
重庆,地名,2,2,113.070137,23.226928,狮山镇,poi_contain,B0FFLLR4UU
成都,地名,2,2,113.183702,23.110876,里水镇,poi_contain,B0FFIZMLLX
三桥市,地名,2,1,112.917827,22.894708,西樵镇,poi_exact,B02F506YEU
四峰,建筑遗迹,2,2,112.973856,22.91818,西樵镇,poi_contain,B0LG7H1IPF
官山云泳书院,建筑遗迹,2,1,113.10216,23.18814,大沥镇,poi_contain,B0FFIZSDND
官山大闸,建筑遗迹,2,2,113.003022,22.952411,西樵镇,poi_contain,
西樵山风景区,地名,2,1,112.980997,22.95419,西樵镇,poi_contain,B0FFKO0J42
云海莲台,建筑遗迹,2,1,112.969013,22.932146,西樵镇,poi_exact,B0FFGRN2RR
宝峰胜处,建筑遗迹,2,2,112.96925,22.920164,西樵镇,poi_exact,B0FFG293P5
黄氏宗祠,建筑遗迹,2,2,113.105668,23.206358,大沥镇,poi_exact,B0FFIR3WFQ
三圣宫,建筑遗迹,2,2,113.013424,23.072052,狮山镇,poi_exact,B0FFHS614K
梁氏大宗祠,建筑遗迹,2,1,113.131515,23.153857,里水镇,poi_exact,B0LGTX12VB
麦氏宗祠,建筑遗迹,2,1,112.989832,22.896595,丹灶镇,poi_exact,B0LG0L6MPA
恩平,地名,2,1,112.978809,22.95143,西樵镇,poi_contain,B0FFFFAZ2Z
敦伦村,地名,2,1,112.949855,22.960498,丹灶镇,poi_contain,
新地村,地名,2,1,112.965262,23.058624,狮山镇,poi_contain,B0LBLLN1RG
福地村,地名,2,1,112.970495,22.938953,西樵镇,poi_contain,
书院岗,建筑遗迹,2,1,113.10216,23.18814,大沥镇,poi_contain,B0FFIZSDND
文政村,地名,2,1,112.912879,22.984212,西樵镇,poi_contain,B0FFG4CGHH
华夏,地名,2,2,113.164102,23.076611,大沥镇,poi_contain,B0FFL04MPV
华帝庙,建筑遗迹,2,1,112.892404,23.072355,狮山镇,poi_exact,B0FFM8RI2U
东坊村,地名,2,1,112.90129,23.108071,狮山镇,poi_contain,B0GUR9PG3W
刘氏大宗祠,建筑遗迹,2,2,113.074893,23.225188,狮山镇,poi_exact,B0FFI45F68
河溪村,地名,2,1,112.893823,22.953859,西樵镇,poi_contain,B0LRHA7DZK
古圆祠,建筑遗迹,2,1,112.896194,22.921524,西樵镇,poi_contain,B0L3HZ88Q1
田心村,地名,2,1,113.097885,23.150796,大沥镇,poi_contain,B0HAJY6VDT
九江公社大同大队,地名,2,1,112.899757,23.023353,丹灶镇,poi_contain,B02F5076XX
程公祠,建筑遗迹,2,1,112.988887,22.887411,丹灶镇,poi_contain,B0FFME5KEO
大同二村,地名,2,1,112.899757,23.023353,丹灶镇,poi_contain,B02F5076XX
六村,地名,2,1,113.168059,23.089409,大沥镇,poi_contain,B0H14SSLRM
邓氏宗祠,建筑遗迹,2,2,113.089517,23.069873,大沥镇,poi_exact,B0FFL2KTAZ
南沙,地名,2,2,112.927313,22.885486,西樵镇,poi_contain,B0FFJQX278
龙津,地名,2,2,113.129834,23.103087,里水镇,poi_exact,B0FFGBESH8
西樵大同,地名,2,2,112.985881,22.88756,西樵镇,poi_contain,B0LRPZQJUU
樵园,建筑遗迹,2,1,112.965614,22.936377,西樵镇,poi_contain,B0FFGX05AY
官山大桥,建筑遗迹,2,2,112.980201,22.949259,丹灶镇,poi_exact,B0FFFO5HRL
玉岩宾馆,建筑遗迹,2,1,112.978684,22.938273,西樵镇,poi_contain,B0FFFWJH96
天湖景区,建筑遗迹,2,1,112.963881,22.93208,西樵镇,poi_contain,B0FFG2522Z
九龙岩,建筑遗迹,2,1,112.97281,22.920043,西樵镇,poi_exact,B0HDDK8M6O
天湖公园景区,建筑遗迹,2,1,112.96723,22.929192,西樵镇,poi_contain,B0FFHJ45NL
黄飞鸿猎艺武术馆,建筑遗迹,2,1,113.006025,22.843975,丹灶镇,poi_contain,B0IG0XB1YP
观龙楼,建筑遗迹,2,2,112.964285,22.930553,西樵镇,poi_exact,B0FFG261ZX
抗日阵亡将士暨死难同胞纪念碑,建筑遗迹,2,1,112.987922,22.940443,西樵镇,poi_contain,
紫姑井,建筑遗迹,2,2,112.970866,22.919829,西樵镇,poi_contain,B0FFG1YV98
银湖,地名,2,2,112.87118,22.878738,西樵镇,poi_contain,B0FFJKW4FM
官山职业学校,建筑遗迹,2,1,113.003022,22.952411,西樵镇,poi_contain,
官山云瀛书院,建筑遗迹,2,2,113.10216,23.18814,大沥镇,poi_contain,B0FFIZSDND
焕文书院,建筑遗迹,2,1,113.10216,23.18814,大沥镇,poi_contain,B0FFIZSDND
桂阳书院,建筑遗迹,2,1,113.10216,23.18814,大沥镇,poi_contain,B0FFIZSDND
伟仪书院,建筑遗迹,2,1,113.10216,23.18814,大沥镇,poi_contain,B0FFIZSDND
桐乡书院,建筑遗迹,2,2,113.10216,23.18814,大沥镇,poi_contain,B0FFIZSDND
育才小学,建筑遗迹,2,1,113.149269,23.026743,桂城街道,poi_contain,B0FFFR8BK6
儒溪,地名,2,1,112.951841,22.909156,西樵镇,poi_contain,B0FFKIV0PW
西樵官山圩,地名,2,2,113.003022,22.952411,西樵镇,poi_contain,
天镇峰公园,建筑遗迹,2,1,112.981311,22.945634,丹灶镇,poi_exact,
抗日胜利纪念亭,建筑遗迹,2,1,112.993817,22.935557,西樵镇,poi_contain,B0FFG29ZN7
简村北帝庙,建筑遗迹,2,2,112.944171,23.030381,丹灶镇,poi_contain,B0FFME2KQ5
香港皇仁书院,建筑遗迹,2,2,113.10216,23.18814,大沥镇,poi_contain,B0FFIZSDND
锦岩,建筑遗迹,2,2,112.972411,22.921564,nan,anchor_contain,ANC_0010
喷玉岩,建筑遗迹,2,2,112.978684,22.938273,西樵镇,poi_contain,B0FFFWJH96
乐阁,建筑遗迹,2,2,113.069034,23.225871,大沥镇,poi_contain,B0FFKW7UOG
白云洞三湖书院,建筑遗迹,2,2,113.10216,23.18814,大沥镇,poi_contain,B0FFIZSDND
伯奇铜像,建筑遗迹,2,1,112.931581,23.051209,狮山镇,poi_contain,B0FFKCIJJP
仙井,建筑遗迹,2,2,112.880326,23.041284,丹灶镇,poi_contain,B0FFKGFPBC
仙岗,地名,2,2,112.886543,23.040686,丹灶镇,poi_contain,B0FFLHZ51O
佛山南海,地名,2,2,113.01534,22.835259,九江镇,poi_contain,B0I6ZHKEGN
九龙岩前龙头石上的明太史甘泉,建筑遗迹,2,2,112.97281,22.920043,西樵镇,poi_contain,B0HDDK8M6O
官山墟,地名,2,2,113.003022,22.952411,西樵镇,poi_contain,
佛山文昌桥,地名,2,2,113.029955,22.816977,九江镇,poi_contain,B0FFGQ6UPO
南海罗村,地名,2,2,113.047302,23.059975,狮山镇,poi_contain,B02F50YFDP
百步云梯,建筑遗迹,2,2,112.981144,22.937175,nan,anchor_contain,ANC_0039
广州越华书院,建筑遗迹,2,2,113.10216,23.18814,大沥镇,poi_contain,B0FFIZSDND
南海松岗南国桃园观音寺,建筑遗迹,2,2,113.103899,23.183076,大沥镇,poi_contain,B0FFG4B8C9
观音泉,建筑遗迹,2,2,113.102966,23.178232,大沥镇,poi_exact,B0FFG05XTO
象岗山,地名,2,2,113.005763,22.829408,丹灶镇,poi_contain,B0FFHJ46AE
白沙村,地名,2,2,113.196861,23.13627,里水镇,poi_contain,B0FFLBYRXP
谭边,地名,2,2,113.15328,23.101204,里水镇,poi_contain,
麻奢村,地名,2,2,113.121912,23.219408,里水镇,poi_contain,B0FFKU08SR
迎宾馆,建筑遗迹,2,2,113.144687,23.029646,桂城街道,poi_contain,B0FFFYPDFT
西华寺,建筑遗迹,2,1,113.201118,23.201747,里水镇,poi_exact,B02F50WJ53
凤山古庙,建筑遗迹,2,1,113.082716,23.232721,狮山镇,poi_exact,B0L67S1IK4
古寺,建筑遗迹,2,2,112.959222,22.936722,西樵镇,poi_contain,B0FFG27CU6
银河,地名,2,2,112.889484,23.008573,丹灶镇,poi_contain,B02F5076XU
北李大宗祠,建筑遗迹,2,2,113.138837,23.037368,桂城街道,poi_contain,B0FFKCMLNH
盐步村,地名,2,2,113.168268,23.092854,大沥镇,poi_contain,B0FFHW900T
盐步老龙会,建筑遗迹,2,2,113.163582,23.092553,大沥镇,poi_contain,B0FFGB50JA
聚龙村,地名,2,2,113.19128,23.08707,里水镇,poi_contain,B0FFL4QFH0
龙狮训练基地,建筑遗迹,2,2,112.966858,22.942866,西樵镇,poi_contain,B0FFJI1LXG
怕玉文化广场,地名,2,2,112.915032,23.043338,丹灶镇,poi_contain,B02F511AS8
韩国,地名,2,2,112.999753,23.123748,狮山镇,poi_contain,B0H2YLZ5TI
丰岗文化长廊,建筑遗迹,2,2,113.156806,23.182564,里水镇,poi_contain,B0HKUHW9E9
和顺一中,建筑遗迹,2,2,113.12646,23.260514,里水镇,poi_exact,B02F501F7I
汤南村,地名,2,1,113.130342,23.291148,里水镇,poi_contain,B0H3TZE94Y
叶氏大宗祠,建筑遗迹,2,2,113.134857,23.100348,大沥镇,poi_exact,B0FFH48ZUB
刘氏宗祠,建筑遗迹,2,1,113.105078,23.208956,大沥镇,poi_exact,B0FFI2NKOS
南粤,地名,2,2,113.046696,23.071571,狮山镇,poi_contain,B0FFH2CIA6
良登,地名,2,1,112.909619,23.022209,丹灶镇,poi_contain,B0FFFSY1XG
古榕树,建筑遗迹,2,1,113.151984,23.194486,里水镇,poi_contain,B0FFH2HBWT
杏花桥,建筑遗迹,2,1,113.19859,23.134827,里水镇,poi_contain,B0FFGGJTQO
三堂书院,建筑遗迹,2,1,113.205271,23.132094,大沥镇,poi_exact,B02F50Z8TF
风雨亭,建筑遗迹,2,2,113.031837,23.048685,丹灶镇,poi_contain,B0FFL6MZPG
大榕树,建筑遗迹,2,2,113.148751,23.039619,桂城街道,poi_contain,B0GK6NP7CV
西城圩,地名,2,1,112.89,23.03,丹灶镇,anchor_contain,ANC_0118
方献夫纪念馆,建筑遗迹,2,1,112.915719,23.027375,丹灶镇,poi_exact,B0LDCRVBG7
广云路,地名,2,2,112.978494,23.139842,狮山镇,poi_contain,BV11462292
仙岗村,地名,2,1,112.886543,23.040686,丹灶镇,poi_contain,B0FFLHZ51O
泰国,地名,2,2,113.160126,23.016704,桂城街道,poi_contain,B0I6JC2906
西樵镇人民政府,地名,2,2,112.99,22.94,西樵镇,anchor_contain,ANC_0136
彩虹桥,建筑遗迹,2,1,113.156667,23.034414,桂城街道,poi_exact,B0FFFOTG30
大江,地名,2,2,113.177499,23.143532,大沥镇,poi_contain,B0G19M87DG
小学,建筑遗迹,2,2,113.004708,22.843752,九江镇,poi_contain,B0FFKSRJXL
登云,地名,2,2,112.960911,22.935906,西樵镇,poi_contain,B0H3J54DSI
杏头,地名,2,2,112.968715,22.945305,西樵镇,poi_contain,
河东,地名,2,2,113.187212,23.091621,大沥镇,poi_contain,B0FFKZLLRD
佛子庙,建筑遗迹,2,2,112.966485,22.940454,西樵镇,poi_exact,B02F50V1HK
五岭祠,建筑遗迹,2,1,113.148984,23.003316,桂城街道,poi_contain,B0FFF7GROW
大塘,地名,2,2,113.102145,23.071945,大沥镇,poi_contain,B0FFGGT9VM
听瀑楼,建筑遗迹,2,1,112.975465,22.932369,西樵镇,poi_exact,B0HRVOENSZ
印度,地名,2,1,113.121843,23.104071,里水镇,poi_contain,B0IAJL2AD8
日本,地名,2,1,113.148721,23.039188,桂城街道,poi_contain,B0FFJSDLOC
天游书院,建筑遗迹,2,1,113.10216,23.18814,大沥镇,poi_contain,B0FFIZSDND
广州南海中学,建筑遗迹,2,2,112.999948,22.942728,西樵镇,poi_contain,B02F508QXL
象岗咀,地名,2,1,113.005763,22.829408,丹灶镇,poi_contain,B0FFHJ46AE
西樵镇南沙村,地名,2,2,112.99,22.94,西樵镇,anchor_contain,ANC_0136
江太史第,建筑遗迹,2,1,112.93488,23.047074,丹灶镇,poi_contain,B0HRV7T4XT
英华书院,建筑遗迹,2,1,113.10216,23.18814,大沥镇,poi_contain,B0FFIZSDND
香港中央书院,建筑遗迹,2,2,113.10216,23.18814,大沥镇,poi_contain,B0FFIZSDND
山东,地名,2,2,112.973516,23.093398,狮山镇,poi_contain,B0GUNZIA1S
黎涌,地名,2,1,112.985205,22.959168,丹灶镇,poi_contain,B0FFKYMLRV
儒林书院,建筑遗迹,2,1,113.10216,23.18814,大沥镇,poi_contain,B0FFIZSDND
文明书院,建筑遗迹,2,1,113.10216,23.18814,大沥镇,poi_contain,B0FFIZSDND
震亨书院,建筑遗迹,2,1,113.10216,23.18814,大沥镇,poi_contain,B0FFIZSDND
三姓书院,建筑遗迹,2,1,113.10216,23.18814,大沥镇,poi_contain,B0FFIZSDND
西成书院,建筑遗迹,2,1,113.10216,23.18814,大沥镇,poi_contain,B0FFIZSDND
滘口,地名,2,2,113.17501,23.116681,里水镇,poi_contain,B0HKOUJT7N
大沥公园,地名,2,2,113.12273,23.111971,大沥镇,poi_exact,B02F507JSS
南岸,地名,2,2,113.093964,23.086434,大沥镇,poi_contain,B0FFKBOBP3
银行,建筑遗迹,2,2,112.90572,22.94813,西樵镇,poi_contain,B0FFFZ076A
梯云书院,建筑遗迹,2,1,113.10216,23.18814,大沥镇,poi_contain,B0FFIZSDND
南师,建筑遗迹,2,2,113.026773,23.146194,狮山镇,poi_contain,B02F50UZCU
翘秀书院,建筑遗迹,2,1,113.10216,23.18814,大沥镇,poi_contain,B0FFIZSDND
玉楼书院,建筑遗迹,2,2,113.10216,23.18814,大沥镇,poi_contain,B0FFIZSDND
西关,地名,2,2,113.235896,23.032702,桂城街道,poi_contain,B0FFGLPX2W
青龙桥火车站,地名,2,1,113.11965,23.067022,大沥镇,poi_contain,B0FFGQ6YRI
聚贤堂,建筑遗迹,2,1,112.946759,22.962234,桂城街道,poi_contain,B0IROZXQ6N
南海黄飞鸿狮艺武术馆,建筑遗迹,2,1,112.945135,22.923938,西樵镇,poi_contain,B02F501SVF
南海里水,地名,2,1,113.141819,23.172953,里水镇,poi_contain,B0J2LM3FOU
陈溪,地名,2,2,113.197343,23.143726,里水镇,poi_contain,B0H2N7IBR1
瑞士,地名,2,1,113.154016,23.066589,桂城街道,poi_contain,B0HK3SIJP6
显子岗孔氏宗祠,建筑遗迹,2,2,113.124705,23.157129,里水镇,poi_contain,B0FFL9QBS2
里水麻奢,地名,2,2,113.117962,23.22016,里水镇,poi_contain,B0FFG2876G
平地村,地名,2,1,113.154197,23.119548,里水镇,poi_contain,B0FFGLN4JV
玉岩珠瀑,建筑遗迹,2,1,112.978684,22.938273,西樵镇,poi_contain,B0FFFWJH96
白云谷书院,建筑遗迹,2,1,113.10216,23.18814,大沥镇,poi_contain,B0FFIZSDND
白云洞风景区,建筑遗迹,2,1,112.962325,22.933011,西樵镇,poi_exact,B02F5077T5
船厅,建筑遗迹,2,1,113.158152,23.192797,里水镇,poi_contain,B0FFM94XAZ
里水八角亭,建筑遗迹,2,1,113.17601,23.109877,大沥镇,poi_contain,B0FFL72ZEO
显纲,地名,2,2,113.095223,23.137433,狮山镇,poi_contain,B0HG2U0CJU
石云古道,建筑遗迹,2,1,113.140733,23.044244,桂城街道,poi_contain,B0HR0KL690
崔氏大宗祠,建筑遗迹,1,1,113.024448,22.917257,九江镇,poi_exact,B0FFGAT354
李子长墓,建筑遗迹,1,1,112.96759,22.925007,西樵镇,poi_exact,B0FFG25K1Q
平沙岛,地名,1,1,112.883901,22.931463,西樵镇,anchor_exact,ANC_0135
沙基圩,地名,1,1,112.916292,22.983847,,anchor_exact,ANC_0155
九江圩,地名,1,1,113.011151,22.833356,,anchor_exact,ANC_0163
区梦觉故居,建筑遗迹,1,1,112.912591,22.985221,西樵镇,poi_exact,B0HGFA61BV
方道隆墓,建筑遗迹,1,1,112.921503,23.025526,nan,anchor_exact,ANC_0067
仙迹丹泉,建筑遗迹,1,1,112.886577,23.039443,nan,anchor_exact,ANC_0059
